"利用日","利用店名・商品名","利用者","支払方法","利用金額","手数料/利息","支払総額","支払月","8月支払金額","当月請求額","9月繰越残高","9月以降請求額"
"2026/07/23","ＶＩＳＡ国内利用　VS ｲ-ﾌﾟﾗｽ(ﾁｹﾂﾄ)","本人","1回払い","6380","0","6380","8月","6380","6380","0",""
"2026/07/21","ＶＩＳＡ国内利用　VS APPLE COM BILL","本人","1回払い","3000","0","3000","8月","3000","3000","0",""
"2026/07/20","ＶＩＳＡ国内利用　VS ﾅﾙｺｶﾝｺｳﾎﾃﾙ","本人","1回払い","55000","0","55000","8月","55000","55000","0",""
"2026/07/20","ＶＩＳＡ国内利用　VS ﾌﾙ-ﾂｼﾖﾂﾌﾟｷﾖｶ","本人","1回払い","2200","0","2200","8月","2200","2200","0",""
"2026/07/19","ＶＩＳＡ国内利用　VS APPLE COM BILL","本人","1回払い","450","0","450","8月","450","450","0",""
"2026/07/18","ＶＩＳＡ国内利用　VS ﾊﾜｲｱﾝｽﾞﾆｭｳｼﾞｮｳｹﾝ","本人","1回払い","4120","0","4120","8月","4120","4120","0",""
"2026/07/17","ローソン　362080","本人","1回払い","189","0","189","8月","189","189","0",""
"2026/07/16","楽天証券投信積立０．５％～","本人","1回払い","40000","0","40000","8月","40000","40000","0",""
"2026/07/14","セブン－イレブン","本人","1回払い","378","0","378","8月","378","378","0",""
"2026/07/12","ＶＩＳＡ国内利用　VS APPLE COM BILL","本人","1回払い","100","0","100","8月","100","100","0",""
"2026/07/09","ＶＩＳＡ国内利用　VS ﾄｳﾌﾞﾃﾂﾄﾞｳﾃｲｷｹﾝ ﾓﾊ","本人","1回払い","11730","0","11730","8月","11730","11730","0",""
"2026/07/08","ﾓﾊﾞｲﾙｽｲｶ","本人","1回払い","3000","0","3000","8月","3000","3000","0",""
"2026/07/08","東京ミッドタウン日比谷　6029103510085 81301","本人","1回払い","105","0","105","8月","105","105","0",""
"2026/07/07","ＶＩＳＡ国内利用　VS ﾍﾞﾙｸｶﾜｺﾞｴﾋｶﾞｼﾀﾏﾁﾃ","本人","1回払い","50","0","50","8月","50","50","0",""
"2026/07/06","ＶＩＳＡ国内利用　VS ｸﾘｴｲﾄ ｴｽ ﾃﾞｲ-","本人","1回払い","426","0","426","8月","426","426","0",""
"2026/07/04","マツキヨ東武川越市駅店","本人","1回払い","63","0","63","8月","63","63","0",""
"2026/07/04","ＶＩＳＡ国内利用　VS ﾏｸﾄﾞﾅﾙﾄﾞ","本人","1回払い","720","0","720","8月","720","720","0",""
"2026/07/03","ＶＩＳＡ国内利用　VS ﾏﾐ-ﾌﾟﾗｽﾀｶｻｶﾃﾝ","本人","1回払い","320","0","320","8月","320","320","0",""
