"利用日","利用店名・商品名","利用者","支払方法","利用金額","手数料/利息","支払総額","7月支払金額","当月請求額","8月繰越残高","新規サイン"
"2026/06/30","ﾀﾞｲｿ-/NFC","本人","1回払い","326","0","326","326","326","0","*"
"2026/06/30","ﾀｶｻｶ ｶﾞｽﾘﾖｳｷﾝ","本人","1回払い","5775","0","5775","5775","5775","0","*"
"2026/06/30","ｸﾗﾉﾕ ﾋｶﾞｼﾏ","本人","1回払い","850","0","850","850","850","0","*"
"2026/06/29","ﾍﾞﾙｸﾋｶﾞｼﾏﾂﾔﾏｼﾝｺﾞｳ","本人","1回払い","851","0","851","851","851","0","*"
"2026/06/27","ﾏﾐ-ﾌﾟﾗｽﾀｶｻｶﾃﾝ","本人","1回払い","2266","0","2266","2266","2266","0","*"
"2026/06/27","ｱﾋﾟﾀﾋｶﾞｼﾏﾂﾔﾏﾃﾝ(ｾﾝ","本人","1回払い","330","0","330","330","330","0","*"
"2026/06/27","ﾃﾝﾄﾞﾝﾃﾝﾔﾋｶﾞｼﾏﾂﾔﾏﾃ","本人","1回払い","2030","0","2030","2030","2030","0","*"
"2026/06/26","ファミリーマート","本人","1回払い","607","0","607","607","607","0","*"
"2026/06/26","セブン－イレブン","本人","1回払い","535","0","535","535","535","0","*"
"2026/06/25","ｻﾝｷﾕ-ｶﾂﾄｻｶﾄﾞ","本人","1回払い","1300","0","1300","1300","1300","0","*"
"2026/06/25","ﾛ-ｿﾝ ﾋｶﾞｼﾏﾂﾔﾏﾃﾝ","本人","1回払い","3865","0","3865","3865","3865","0","*"
"2026/06/22","セブン－イレブン","本人","1回払い","332","0","332","332","332","0","*"
"2026/06/22","ｼﾞﾔﾝｸｶﾞﾚﾂｼﾞｲﾅﾏﾁ","本人","1回払い","1040","0","1040","1040","1040","0","*"
"2026/06/21","APPLE COM BILL","本人","1回払い","150","0","150","150","150","0","*"
"2026/06/21","ﾍﾞﾙｸﾋｶﾞｼﾏﾂﾔﾏｼﾝｺﾞｳ","本人","1回払い","1559","0","1559","1559","1559","0","*"
"2026/06/21","ﾏｸﾄﾞﾅﾙﾄﾞ","本人","1回払い","1790","0","1790","1790","1790","0","*"
"2026/06/20","STEAM","本人","1回払い","4650","0","4650","4650","4650","0","*"
"2026/06/20","ｳｴﾙｼｱﾋｶﾞｼﾏﾂﾔﾏﾛﾂｹﾝ","本人","1回払い","7480","0","7480","7480","7480","0","*"
"2026/06/18","ﾗｲﾗｲﾃｲ ﾋｶﾞｼﾏﾂﾔﾏﾃﾝ","本人","1回払い","2820","0","2820","2820","2820","0","*"
"2026/06/18","ｳﾝﾃﾝﾒﾝｷｮｾﾝﾀｰ","本人","1回払い","3500","0","3500","3500","3500","0","*"
"2026/06/18","セブン－イレブン","本人","1回払い","408","0","408","408","408","0","*"
"2026/06/16","楽天証券投信積立０．５％～","本人","1回払い","100000","0","100000","100000","100000","0","*"
"2026/06/15","STEAM","本人","1回払い","4650","0","4650","4650","4650","0","*"
"2026/06/14","ﾍﾞﾙｸﾋｶﾞｼﾏﾂﾔﾏｼﾝｺﾞｳ","本人","1回払い","2492","0","2492","2492","2492","0","*"
"2026/06/13","ｼ-ﾃﾞｲ-ｴﾅｼﾞ-ﾀﾞｲﾚｸﾄ","本人","1回払い","3778","0","3778","3778","3778","0","*"
"2026/06/13","ﾏｸﾄﾞﾅﾙﾄﾞ","本人","1回払い","230","0","230","230","230","0","*"
"2026/06/11","楽天モバイル通信料","本人","1回払い","3677","0","3677","3677","3677","0","*"
"2026/06/11","楽天モバイル買い替え超トク","本人","1回払い","3204","0","3204","3204","3204","0","*"
"2026/06/10","ﾏﾐ-ﾌﾟﾗｽﾀｶｻｶﾃﾝ","本人","1回払い","855","0","855","855","855","0","*"
"2026/06/08","お名前．ｃｏｍレンタルサーバー","本人","1回払い","1911","0","1911","1911","1911","0","*"
"2026/06/07","ﾔｵｺｰﾂｷﾉﾜｴｷﾏｴﾃﾝ","本人","1回払い","1296","0","1296","1296","1296","0","*"
"2026/06/06","ﾏﾂﾔ ﾋｶﾞｼﾏﾂﾔﾏｶﾐﾉﾓﾄ","本人","1回払い","1420","0","1420","1420","1420","0","*"
"2026/06/06","ｷﾐﾉﾊﾝﾊﾞ-ｸﾞｦﾀﾍﾞﾀｲ","本人","1回払い","4246","0","4246","4246","4246","0","*"
"2026/06/06","ﾐﾆｽﾄﾂﾌﾟｲﾙﾏｺﾔﾀ","本人","1回払い","550","0","550","550","550","0","*"
"2026/06/05","ﾏｸﾄﾞﾅﾙﾄﾞ","本人","1回払い","1290","0","1290","1290","1290","0","*"
"2026/06/03","ﾍﾞﾙｸﾋｶﾞｼﾏﾂﾔﾏｼﾝｺﾞｳ","本人","1回払い","3357","0","3357","3357","3357","0","*"
"2026/05/16","ＥＴＣカード売上","ETC","1回払い","880","0","880","880","880","0","*"
"","ﾖｼｲ        ﾋｶﾞｼﾏﾂﾔﾏ","","","","","","","","",""
